"out_loc","n_fish","0-50","50-100","100-150","150-200","200-250"
"Crabtree Creek",1,251,0,0,0,0
"Crabtree Creek",2,605,0,0,0,0
"Crabtree Creek",3,586,0,0,0,0
"Crabtree Creek",4,566,0,0,0,0
"Crabtree Creek",5,525,0,0,0,0
"Crabtree Creek",6,570,0,0,0,0
"Crabtree Creek",7,613,0,0,0,0
"Crabtree Creek",8,535,0,0,0,0
"Crabtree Creek",9,514,0,0,0,0
"Crabtree Creek",10,532,0,0,0,0
"Crabtree Creek",11,539,0,0,0,0
"Crabtree Creek",12,528,0,0,0,0
"Crabtree Creek",13,573,0,0,0,0
"Crabtree Creek",14,576,0,0,0,0
"Crabtree Creek",15,581,0,0,0,0
"Crabtree Creek",16,569,0,0,0,0
"Crabtree Creek",17,563,0,0,0,0
"Crabtree Creek",18,532,0,0,0,0
"Crabtree Creek",19,573,0,0,0,0
"Crabtree Creek",20,571,0,0,0,0
"Crabtree Creek",21,583,0,0,0,0
"Crabtree Creek",22,583,0,0,0,0
"Crabtree Creek",23,617,0,0,0,0
"Crabtree Creek",24,518,0,0,0,0
"Crabtree Creek",25,572,0,0,0,0
"Crabtree Creek",26,540,0,0,0,0
"Crabtree Creek",27,543,0,0,0,0
"Crabtree Creek",28,557,0,0,0,0
"Crabtree Creek",29,596,0,0,0,0
"Crabtree Creek",30,589,0,0,0,0
"Crabtree Creek",31,543,0,0,0,0
"Crabtree Creek",32,561,0,0,0,0
"Crabtree Creek",33,557,0,0,0,0
"Crabtree Creek",34,525,0,0,0,0
"Crabtree Creek",35,572,0,0,0,0
"Crabtree Creek",36,546,0,0,0,0
"Crabtree Creek",37,574,0,0,0,0
"Crabtree Creek",38,590,0,0,0,0
"Crabtree Creek",39,552,0,0,0,0
"Crabtree Creek",40,543,0,0,0,0
"Crabtree Creek",41,542,0,0,0,0
"Crabtree Creek",42,581,0,0,0,0
"Crabtree Creek",43,554,0,0,0,0
"Crabtree Creek",44,541,0,0,0,0
"Crabtree Creek",45,548,0,0,0,0
"Crabtree Creek",46,510,0,0,0,0
"Crabtree Creek",47,587,0,0,0,0
"Crabtree Creek",48,573,0,0,0,0
"Crabtree Creek",49,608,0,0,0,0
"Crabtree Creek",50,571,0,0,0,0
"Crabtree Creek",51,569,0,0,0,0
"Crabtree Creek",52,546,0,0,0,0
"Crabtree Creek",53,553,0,0,0,0
"Crabtree Creek",54,585,0,0,0,0
"Crabtree Creek",55,516,0,0,0,0
"Crabtree Creek",56,601,0,0,0,0
"Crabtree Creek",57,515,0,0,0,0
"Crabtree Creek",58,573,0,0,0,0
"Crabtree Creek",59,518,0,0,0,0
"Crabtree Creek",60,540,0,0,0,0
"Crabtree Creek",61,546,0,0,0,0
"Crabtree Creek",62,564,0,0,0,0
"Crabtree Creek",63,546,0,0,0,0
"Crabtree Creek",64,561,0,0,0,0
"Crabtree Creek",65,558,0,0,0,0
"Crabtree Creek",66,622,0,0,0,0
"Crabtree Creek",67,592,0,0,0,0
"Crabtree Creek",68,530,0,0,0,0
"Crabtree Creek",69,574,0,0,0,0
"Crabtree Creek",70,617,0,0,0,0
"Crabtree Creek",71,536,1,0,0,0
"Crabtree Creek",72,525,0,0,0,0
"Crabtree Creek",73,501,0,0,0,0
"Crabtree Creek",74,535,2,0,0,0
"Crabtree Creek",75,568,5,0,0,0
"Crabtree Creek",76,537,3,0,0,0
"Crabtree Creek",77,557,3,0,0,0
"Crabtree Creek",78,516,4,0,0,0
"Crabtree Creek",79,555,6,0,0,0
"Crabtree Creek",80,538,7,0,0,0
"Crabtree Creek",81,577,11,0,0,0
"Crabtree Creek",82,545,15,0,0,0
"Crabtree Creek",83,518,13,0,0,0
"Crabtree Creek",84,534,24,0,0,0
"Crabtree Creek",85,546,21,0,0,0
"Crabtree Creek",86,517,26,0,0,0
"Crabtree Creek",87,535,28,0,0,0
"Crabtree Creek",88,511,31,0,0,0
"Crabtree Creek",89,505,50,0,0,0
"Crabtree Creek",90,523,49,0,0,0
"Crabtree Creek",91,495,47,0,0,0
"Crabtree Creek",92,501,56,0,0,0
"Crabtree Creek",93,478,57,0,0,0
"Crabtree Creek",94,513,65,0,0,0
"Crabtree Creek",95,514,65,0,0,0
"Crabtree Creek",96,442,70,0,0,0
"Crabtree Creek",97,458,90,0,0,0
"Crabtree Creek",98,498,78,0,0,0
"Crabtree Creek",99,460,107,0,0,0
"Crabtree Creek",100,447,109,0,0,0
"Crabtree Creek",101,455,118,0,0,0
"Crabtree Creek",102,443,128,0,0,0
"Crabtree Creek",103,422,134,0,0,0
"Crabtree Creek",104,419,124,0,0,0
"Crabtree Creek",105,408,160,0,0,0
"Crabtree Creek",106,394,137,0,0,0
"Crabtree Creek",107,379,173,0,0,0
"Crabtree Creek",108,371,166,0,0,0
"Crabtree Creek",109,352,194,0,0,0
"Crabtree Creek",110,369,174,0,0,0
"Crabtree Creek",111,361,177,0,0,0
"Crabtree Creek",112,358,187,0,0,0
"Crabtree Creek",113,381,228,0,0,0
"Crabtree Creek",114,349,199,0,0,0
"Crabtree Creek",115,354,198,0,0,0
"Crabtree Creek",116,342,210,0,0,0
"Crabtree Creek",117,326,266,0,0,0
"Crabtree Creek",118,296,246,0,0,0
"Crabtree Creek",119,285,257,0,0,0
"Crabtree Creek",120,296,273,0,0,0
"Crabtree Creek",121,289,249,0,0,0
"Crabtree Creek",122,260,272,0,0,0
"Crabtree Creek",123,261,270,0,0,0
"Crabtree Creek",124,255,268,0,0,0
"Crabtree Creek",125,256,304,0,0,0
"Crabtree Creek",126,256,282,0,0,0
"Crabtree Creek",127,243,327,0,0,0
"Crabtree Creek",128,249,330,0,0,0
"Crabtree Creek",129,229,313,0,0,0
"Crabtree Creek",130,235,308,0,0,0
"Crabtree Creek",131,210,323,0,0,0
"Crabtree Creek",132,187,332,0,0,0
"Crabtree Creek",133,197,357,0,0,0
"Crabtree Creek",134,205,365,0,0,0
"Crabtree Creek",135,179,358,0,0,0
"Crabtree Creek",136,186,356,0,0,0
"Crabtree Creek",137,180,378,0,0,0
"Crabtree Creek",138,181,418,0,0,0
"Crabtree Creek",139,156,404,0,0,0
"Crabtree Creek",140,157,434,0,0,0
"Crabtree Creek",141,158,420,0,0,0
"Crabtree Creek",142,165,449,1,0,0
"Crabtree Creek",143,133,419,0,0,0
"Crabtree Creek",144,164,470,0,0,0
"Crabtree Creek",145,151,430,0,0,0
"Crabtree Creek",146,151,402,0,0,0
"Crabtree Creek",147,129,406,0,0,0
"Crabtree Creek",148,131,426,0,0,0
"Crabtree Creek",149,125,449,1,0,0
"Crabtree Creek",150,124,422,0,0,0
"Crabtree Creek",151,116,465,0,0,0
"Crabtree Creek",152,116,453,6,0,0
"Crabtree Creek",153,107,436,0,0,0
"Crabtree Creek",154,109,431,2,0,0
"Crabtree Creek",155,94,463,3,0,0
"Crabtree Creek",156,100,465,5,0,0
"Crabtree Creek",157,94,494,2,0,0
"Crabtree Creek",158,91,440,5,0,0
"Crabtree Creek",159,97,453,8,0,0
"Crabtree Creek",160,88,465,10,0,0
"Crabtree Creek",161,68,476,3,0,0
"Crabtree Creek",162,68,483,6,0,0
"Crabtree Creek",163,85,465,7,0,0
"Crabtree Creek",164,81,473,7,0,0
"Crabtree Creek",165,61,462,9,0,0
"Crabtree Creek",166,65,490,10,0,0
"Crabtree Creek",167,71,495,14,0,0
"Crabtree Creek",168,66,504,10,0,0
"Crabtree Creek",169,71,461,18,0,0
"Crabtree Creek",170,66,490,16,0,0
"Crabtree Creek",171,53,482,17,0,0
"Crabtree Creek",172,37,460,28,0,0
"Crabtree Creek",173,58,486,20,0,0
"Crabtree Creek",174,55,482,29,0,0
"Crabtree Creek",175,59,459,25,0,0
"Crabtree Creek",176,43,485,30,0,0
"Crabtree Creek",177,40,472,39,0,0
"Crabtree Creek",178,42,482,38,0,0
"Crabtree Creek",179,35,422,50,0,0
"Crabtree Creek",180,42,501,34,0,0
"Crabtree Creek",181,31,474,50,0,0
"Crabtree Creek",182,32,454,49,0,0
"Crabtree Creek",183,31,459,46,0,0
"Crabtree Creek",184,32,455,43,0,0
"Crabtree Creek",185,33,469,56,0,0
"Crabtree Creek",186,33,469,49,0,0
"Crabtree Creek",187,27,464,61,0,0
"Crabtree Creek",188,25,445,58,0,0
"Crabtree Creek",189,26,454,60,0,0
"Crabtree Creek",190,24,443,80,0,0
"Crabtree Creek",191,26,441,69,0,0
"Crabtree Creek",192,23,427,69,0,0
"Crabtree Creek",193,17,478,76,0,0
"Crabtree Creek",194,26,483,76,0,0
"Crabtree Creek",195,21,459,70,0,0
"Crabtree Creek",196,17,400,91,0,0
"Crabtree Creek",197,17,464,85,0,0
"Crabtree Creek",198,15,455,88,0,0
"Crabtree Creek",199,13,437,106,0,0
"Crabtree Creek",200,17,423,101,0,0
"Crabtree Creek",201,10,442,123,0,0
"Crabtree Creek",202,14,443,120,0,0
"Crabtree Creek",203,10,423,128,0,0
"Crabtree Creek",204,15,425,127,0,0
"Crabtree Creek",205,6,361,122,0,0
"Crabtree Creek",206,11,416,111,0,0
"Crabtree Creek",207,13,392,157,0,0
"Crabtree Creek",208,9,431,123,0,0
"Crabtree Creek",209,5,386,158,0,0
"Crabtree Creek",210,4,396,130,0,0
"Crabtree Creek",211,5,392,145,0,0
"Crabtree Creek",212,10,378,136,0,0
"Crabtree Creek",213,11,388,148,0,0
"Crabtree Creek",214,9,393,158,0,0
"Crabtree Creek",215,12,405,180,0,0
"Crabtree Creek",216,4,364,176,0,0
"Crabtree Creek",217,4,367,173,0,0
"Crabtree Creek",218,5,352,180,0,0
"Crabtree Creek",219,4,342,183,0,0
"Crabtree Creek",220,8,402,175,0,0
"Crabtree Creek",221,3,370,192,0,0
"Crabtree Creek",222,2,360,190,0,0
"Crabtree Creek",223,3,362,177,0,0
"Crabtree Creek",224,2,363,177,0,0
"Crabtree Creek",225,1,339,224,0,0
"Crabtree Creek",226,3,329,212,2,0
"Crabtree Creek",227,1,342,227,2,0
"Crabtree Creek",228,5,366,226,0,0
"Crabtree Creek",229,6,331,233,0,0
"Crabtree Creek",230,3,324,256,0,0
"Crabtree Creek",231,4,315,232,1,0
"Crabtree Creek",232,0,317,221,4,0
"Crabtree Creek",233,2,313,236,0,0
"Crabtree Creek",234,1,301,233,2,0
"Crabtree Creek",235,5,332,259,3,0
"Crabtree Creek",236,1,302,278,4,0
"Crabtree Creek",237,1,310,246,4,0
"Crabtree Creek",238,0,306,264,6,0
"Crabtree Creek",239,0,284,257,2,0
"Crabtree Creek",240,1,308,248,3,0
"Crabtree Creek",241,2,289,245,6,0
"Crabtree Creek",242,0,309,265,4,0
"Crabtree Creek",243,2,297,279,8,0
"Crabtree Creek",244,0,281,291,10,0
"Crabtree Creek",245,0,280,266,5,0
"Crabtree Creek",246,0,254,299,7,0
"Crabtree Creek",247,0,254,273,5,0
"Crabtree Creek",248,2,251,311,7,0
"Crabtree Creek",249,0,254,311,13,0
"Crabtree Creek",250,3,257,291,10,0
"Crabtree Creek",251,0,246,311,13,0
"Crabtree Creek",252,0,266,308,12,0
"Crabtree Creek",253,0,246,297,12,0
"Crabtree Creek",254,1,225,308,12,0
"Crabtree Creek",255,0,237,288,19,0
"Crabtree Creek",256,0,235,317,16,0
"Crabtree Creek",257,1,231,284,23,0
"Crabtree Creek",258,0,230,305,13,0
"Crabtree Creek",259,0,212,305,21,0
"Crabtree Creek",260,2,223,336,20,0
"Crabtree Creek",261,0,212,321,23,0
"Crabtree Creek",262,0,202,340,24,0
"Crabtree Creek",263,0,196,310,31,0
"Crabtree Creek",264,0,192,346,26,0
"Crabtree Creek",265,0,170,349,21,0
"Crabtree Creek",266,0,207,300,36,0
"Crabtree Creek",267,0,165,325,35,0
"Crabtree Creek",268,0,216,320,30,0
"Crabtree Creek",269,0,173,376,37,0
"Crabtree Creek",270,2,192,366,35,0
"Crabtree Creek",271,0,165,335,45,0
"Crabtree Creek",272,0,200,311,37,0
"Crabtree Creek",273,0,185,333,39,0
"Crabtree Creek",274,0,149,326,39,0
"Crabtree Creek",275,0,172,318,45,0
"Crabtree Creek",276,0,138,359,39,0
"Crabtree Creek",277,0,190,341,43,0
"Crabtree Creek",278,0,163,304,45,0
"Crabtree Creek",279,0,178,334,54,0
"Crabtree Creek",280,0,168,390,42,0
"Crabtree Creek",281,0,151,362,56,0
"Crabtree Creek",282,0,162,330,55,0
"Crabtree Creek",283,0,144,370,62,0
"Crabtree Creek",284,0,145,331,65,0
"Crabtree Creek",285,0,134,342,64,0
"Crabtree Creek",286,0,139,332,78,0
"Crabtree Creek",287,0,147,360,83,0
"Crabtree Creek",288,0,144,332,77,0
"Crabtree Creek",289,0,132,332,80,0
"Crabtree Creek",290,0,136,344,73,0
"Crabtree Creek",291,0,136,357,83,0
"Crabtree Creek",292,0,116,328,92,0
"Crabtree Creek",293,0,112,382,102,0
"Crabtree Creek",294,0,136,335,95,2
"Crabtree Creek",295,0,118,329,84,0
"Crabtree Creek",296,0,104,337,98,0
"Crabtree Creek",297,0,125,338,97,0
"Crabtree Creek",298,0,103,335,102,0
"Crabtree Creek",299,0,114,342,101,1
"Crabtree Creek",300,0,66,153,46,0
"MF Paddy's",1,272,0,0,0,0
"MF Paddy's",2,571,0,0,0,0
"MF Paddy's",3,581,0,0,0,0
"MF Paddy's",4,510,0,0,0,0
"MF Paddy's",5,518,0,0,0,0
"MF Paddy's",6,586,0,0,0,0
"MF Paddy's",7,537,0,0,0,0
"MF Paddy's",8,592,0,0,0,0
"MF Paddy's",9,542,0,0,0,0
"MF Paddy's",10,567,0,0,0,0
"MF Paddy's",11,548,0,0,0,0
"MF Paddy's",12,562,0,0,0,0
"MF Paddy's",13,548,0,0,0,0
"MF Paddy's",14,563,0,0,0,0
"MF Paddy's",15,524,0,0,0,0
"MF Paddy's",16,570,0,0,0,0
"MF Paddy's",17,586,0,0,0,0
"MF Paddy's",18,549,0,0,0,0
"MF Paddy's",19,566,0,0,0,0
"MF Paddy's",20,560,0,0,0,0
"MF Paddy's",21,591,0,0,0,0
"MF Paddy's",22,506,0,0,0,0
"MF Paddy's",23,542,0,0,0,0
"MF Paddy's",24,570,0,0,0,0
"MF Paddy's",25,556,0,0,0,0
"MF Paddy's",26,532,0,0,0,0
"MF Paddy's",27,503,0,0,0,0
"MF Paddy's",28,586,0,0,0,0
"MF Paddy's",29,568,0,0,0,0
"MF Paddy's",30,566,0,0,0,0
"MF Paddy's",31,524,0,0,0,0
"MF Paddy's",32,565,0,0,0,0
"MF Paddy's",33,550,0,0,0,0
"MF Paddy's",34,557,0,0,0,0
"MF Paddy's",35,575,0,0,0,0
"MF Paddy's",36,534,0,0,0,0
"MF Paddy's",37,582,0,0,0,0
"MF Paddy's",38,526,0,0,0,0
"MF Paddy's",39,530,0,0,0,0
"MF Paddy's",40,547,0,0,0,0
"MF Paddy's",41,594,0,0,0,0
"MF Paddy's",42,554,0,0,0,0
"MF Paddy's",43,571,0,0,0,0
"MF Paddy's",44,531,0,0,0,0
"MF Paddy's",45,549,0,0,0,0
"MF Paddy's",46,552,0,0,0,0
"MF Paddy's",47,547,0,0,0,0
"MF Paddy's",48,544,0,0,0,0
"MF Paddy's",49,611,0,0,0,0
"MF Paddy's",50,587,0,0,0,0
"MF Paddy's",51,533,0,0,0,0
"MF Paddy's",52,559,0,0,0,0
"MF Paddy's",53,554,0,0,0,0
"MF Paddy's",54,555,0,0,0,0
"MF Paddy's",55,544,0,0,0,0
"MF Paddy's",56,562,0,0,0,0
"MF Paddy's",57,569,0,0,0,0
"MF Paddy's",58,539,0,0,0,0
"MF Paddy's",59,547,0,0,0,0
"MF Paddy's",60,548,0,0,0,0
"MF Paddy's",61,558,0,0,0,0
"MF Paddy's",62,605,0,0,0,0
"MF Paddy's",63,574,0,0,0,0
"MF Paddy's",64,588,0,0,0,0
"MF Paddy's",65,551,0,0,0,0
"MF Paddy's",66,550,0,0,0,0
"MF Paddy's",67,596,0,0,0,0
"MF Paddy's",68,526,0,0,0,0
"MF Paddy's",69,555,0,0,0,0
"MF Paddy's",70,572,0,0,0,0
"MF Paddy's",71,505,2,0,0,0
"MF Paddy's",72,526,1,0,0,0
"MF Paddy's",73,575,1,0,0,0
"MF Paddy's",74,570,2,0,0,0
"MF Paddy's",75,593,2,0,0,0
"MF Paddy's",76,531,3,0,0,0
"MF Paddy's",77,545,6,0,0,0
"MF Paddy's",78,566,9,0,0,0
"MF Paddy's",79,552,5,0,0,0
"MF Paddy's",80,561,9,0,0,0
"MF Paddy's",81,537,18,0,0,0
"MF Paddy's",82,527,16,0,0,0
"MF Paddy's",83,602,20,0,0,0
"MF Paddy's",84,528,23,0,0,0
"MF Paddy's",85,537,31,0,0,0
"MF Paddy's",86,505,24,0,0,0
"MF Paddy's",87,563,35,0,0,0
"MF Paddy's",88,484,20,0,0,0
"MF Paddy's",89,520,33,0,0,0
"MF Paddy's",90,515,55,0,0,0
"MF Paddy's",91,505,54,0,0,0
"MF Paddy's",92,503,64,0,0,0
"MF Paddy's",93,465,57,0,0,0
"MF Paddy's",94,483,70,0,0,0
"MF Paddy's",95,463,66,0,0,0
"MF Paddy's",96,500,59,0,0,0
"MF Paddy's",97,472,96,0,0,0
"MF Paddy's",98,448,113,0,0,0
"MF Paddy's",99,472,113,0,0,0
"MF Paddy's",100,441,86,0,0,0
"MF Paddy's",101,421,142,0,0,0
"MF Paddy's",102,430,119,0,0,0
"MF Paddy's",103,480,144,0,0,0
"MF Paddy's",104,404,132,0,0,0
"MF Paddy's",105,392,139,0,0,0
"MF Paddy's",106,399,166,0,0,0
"MF Paddy's",107,413,167,0,0,0
"MF Paddy's",108,405,173,0,0,0
"MF Paddy's",109,392,164,0,0,0
"MF Paddy's",110,369,188,0,0,0
"MF Paddy's",111,354,213,0,0,0
"MF Paddy's",112,311,211,0,0,0
"MF Paddy's",113,321,206,0,0,0
"MF Paddy's",114,364,227,0,0,0
"MF Paddy's",115,337,223,0,0,0
"MF Paddy's",116,337,257,0,0,0
"MF Paddy's",117,336,235,0,0,0
"MF Paddy's",118,323,249,0,0,0
"MF Paddy's",119,299,251,0,0,0
"MF Paddy's",120,313,272,0,0,0
"MF Paddy's",121,295,258,0,0,0
"MF Paddy's",122,293,296,0,0,0
"MF Paddy's",123,257,280,0,0,0
"MF Paddy's",124,257,273,0,0,0
"MF Paddy's",125,248,298,0,0,0
"MF Paddy's",126,284,344,0,0,0
"MF Paddy's",127,228,354,0,0,0
"MF Paddy's",128,240,334,0,0,0
"MF Paddy's",129,218,323,0,0,0
"MF Paddy's",130,206,341,0,0,0
"MF Paddy's",131,197,343,0,0,0
"MF Paddy's",132,219,359,0,0,0
"MF Paddy's",133,211,341,0,0,0
"MF Paddy's",134,204,387,0,0,0
"MF Paddy's",135,189,359,0,0,0
"MF Paddy's",136,181,369,0,0,0
"MF Paddy's",137,149,396,0,0,0
"MF Paddy's",138,200,397,0,0,0
"MF Paddy's",139,184,400,0,0,0
"MF Paddy's",140,155,388,0,0,0
"MF Paddy's",141,190,392,0,0,0
"MF Paddy's",142,161,420,0,0,0
"MF Paddy's",143,151,406,0,0,0
"MF Paddy's",144,148,431,0,0,0
"MF Paddy's",145,124,394,0,0,0
"MF Paddy's",146,134,436,0,0,0
"MF Paddy's",147,141,464,2,0,0
"MF Paddy's",148,103,426,0,0,0
"MF Paddy's",149,148,411,1,0,0
"MF Paddy's",150,128,459,1,0,0
"MF Paddy's",151,101,433,1,0,0
"MF Paddy's",152,111,494,1,0,0
"MF Paddy's",153,90,473,3,0,0
"MF Paddy's",154,94,460,2,0,0
"MF Paddy's",155,105,464,0,0,0
"MF Paddy's",156,116,443,1,0,0
"MF Paddy's",157,92,441,3,0,0
"MF Paddy's",158,102,503,3,0,0
"MF Paddy's",159,97,490,0,0,0
"MF Paddy's",160,75,443,9,0,0
"MF Paddy's",161,75,486,8,0,0
"MF Paddy's",162,64,505,10,0,0
"MF Paddy's",163,94,491,6,0,0
"MF Paddy's",164,74,475,9,0,0
"MF Paddy's",165,75,471,10,0,0
"MF Paddy's",166,53,516,13,0,0
"MF Paddy's",167,61,458,13,0,0
"MF Paddy's",168,58,491,9,0,0
"MF Paddy's",169,62,505,15,0,0
"MF Paddy's",170,66,461,21,0,0
"MF Paddy's",171,57,482,19,0,0
"MF Paddy's",172,55,501,12,0,0
"MF Paddy's",173,46,524,35,0,0
"MF Paddy's",174,45,461,25,0,0
"MF Paddy's",175,43,488,26,0,0
"MF Paddy's",176,41,475,29,0,0
"MF Paddy's",177,51,499,27,0,0
"MF Paddy's",178,45,541,42,0,0
"MF Paddy's",179,45,462,33,0,0
"MF Paddy's",180,42,469,40,0,0
"MF Paddy's",181,32,428,50,0,0
"MF Paddy's",182,35,501,46,0,0
"MF Paddy's",183,54,439,45,0,0
"MF Paddy's",184,31,451,36,0,0
"MF Paddy's",185,29,472,58,0,0
"MF Paddy's",186,23,487,73,0,0
"MF Paddy's",187,28,508,62,0,0
"MF Paddy's",188,37,441,77,0,0
"MF Paddy's",189,22,476,52,0,0
"MF Paddy's",190,24,497,61,0,0
"MF Paddy's",191,24,449,89,0,0
"MF Paddy's",192,23,469,66,0,0
"MF Paddy's",193,27,492,85,0,0
"MF Paddy's",194,24,431,80,0,0
"MF Paddy's",195,22,470,115,0,0
"MF Paddy's",196,21,447,90,0,0
"MF Paddy's",197,17,463,82,0,0
"MF Paddy's",198,18,455,102,0,0
"MF Paddy's",199,16,451,108,0,0
"MF Paddy's",200,24,429,112,0,0
"MF Paddy's",201,15,425,104,0,0
"MF Paddy's",202,10,452,116,0,0
"MF Paddy's",203,21,472,130,0,0
"MF Paddy's",204,13,426,118,0,0
"MF Paddy's",205,11,411,114,0,0
"MF Paddy's",206,14,393,116,0,0
"MF Paddy's",207,14,425,113,0,0
"MF Paddy's",208,3,434,146,0,0
"MF Paddy's",209,10,374,130,0,0
"MF Paddy's",210,11,397,138,0,0
"MF Paddy's",211,7,375,140,0,0
"MF Paddy's",212,14,391,168,0,0
"MF Paddy's",213,10,408,151,0,0
"MF Paddy's",214,7,385,159,0,0
"MF Paddy's",215,7,391,173,0,0
"MF Paddy's",216,5,361,192,0,0
"MF Paddy's",217,7,377,174,1,0
"MF Paddy's",218,2,373,170,0,0
"MF Paddy's",219,5,380,164,0,0
"MF Paddy's",220,6,380,177,0,0
"MF Paddy's",221,4,360,168,0,0
"MF Paddy's",222,2,381,178,0,0
"MF Paddy's",223,8,331,198,0,0
"MF Paddy's",224,3,360,184,1,0
"MF Paddy's",225,3,348,217,0,0
"MF Paddy's",226,6,304,219,0,0
"MF Paddy's",227,4,331,218,0,0
"MF Paddy's",228,3,334,233,0,0
"MF Paddy's",229,2,343,207,0,0
"MF Paddy's",230,2,311,223,1,0
"MF Paddy's",231,3,319,215,0,0
"MF Paddy's",232,3,327,247,2,0
"MF Paddy's",233,2,319,265,0,0
"MF Paddy's",234,1,301,236,1,0
"MF Paddy's",235,1,311,246,3,0
"MF Paddy's",236,0,302,230,2,0
"MF Paddy's",237,1,305,238,4,0
"MF Paddy's",238,1,320,257,1,0
"MF Paddy's",239,3,328,269,3,0
"MF Paddy's",240,1,311,267,1,0
"MF Paddy's",241,1,283,237,6,0
"MF Paddy's",242,1,287,287,3,0
"MF Paddy's",243,0,277,233,6,0
"MF Paddy's",244,1,300,266,4,0
"MF Paddy's",245,2,284,272,4,0
"MF Paddy's",246,0,300,276,10,0
"MF Paddy's",247,4,281,301,12,0
"MF Paddy's",248,2,252,267,6,0
"MF Paddy's",249,1,244,286,8,0
"MF Paddy's",250,1,243,279,8,0
"MF Paddy's",251,0,224,275,11,0
"MF Paddy's",252,2,217,289,8,0
"MF Paddy's",253,1,232,338,19,0
"MF Paddy's",254,0,256,317,18,0
"MF Paddy's",255,1,226,299,16,0
"MF Paddy's",256,0,223,291,13,0
"MF Paddy's",257,0,229,328,18,0
"MF Paddy's",258,0,235,335,22,0
"MF Paddy's",259,0,230,328,25,0
"MF Paddy's",260,0,205,314,20,0
"MF Paddy's",261,0,196,353,18,0
"MF Paddy's",262,0,178,348,27,0
"MF Paddy's",263,1,194,319,39,0
"MF Paddy's",264,1,202,325,29,0
"MF Paddy's",265,0,204,323,28,0
"MF Paddy's",266,1,191,288,32,0
"MF Paddy's",267,0,207,335,29,0
"MF Paddy's",268,0,207,324,46,0
"MF Paddy's",269,0,162,358,34,0
"MF Paddy's",270,0,176,344,35,0
"MF Paddy's",271,0,166,334,34,0
"MF Paddy's",272,0,187,319,35,0
"MF Paddy's",273,0,159,340,46,0
"MF Paddy's",274,0,147,332,43,0
"MF Paddy's",275,0,172,378,41,0
"MF Paddy's",276,0,158,331,54,0
"MF Paddy's",277,0,148,375,44,0
"MF Paddy's",278,0,160,371,57,0
"MF Paddy's",279,0,155,359,49,0
"MF Paddy's",280,0,128,314,48,0
"MF Paddy's",281,0,159,345,59,0
"MF Paddy's",282,0,158,346,69,0
"MF Paddy's",283,0,161,328,58,0
"MF Paddy's",284,0,140,333,62,0
"MF Paddy's",285,0,144,323,63,0
"MF Paddy's",286,0,137,359,64,0
"MF Paddy's",287,0,124,322,68,0
"MF Paddy's",288,0,135,331,79,0
"MF Paddy's",289,0,151,352,64,0
"MF Paddy's",290,0,134,337,74,0
"MF Paddy's",291,0,103,334,84,0
"MF Paddy's",292,0,108,329,82,0
"MF Paddy's",293,0,142,334,75,0
"MF Paddy's",294,0,107,390,73,0
"MF Paddy's",295,0,129,338,94,0
"MF Paddy's",296,0,96,322,94,0
"MF Paddy's",297,0,121,357,81,0
"MF Paddy's",298,0,109,343,118,0
"MF Paddy's",299,0,103,346,102,0
"MF Paddy's",300,0,56,167,59,0
"Thomas Creek",1,272,0,0,0,0
"Thomas Creek",2,524,0,0,0,0
"Thomas Creek",3,551,0,0,0,0
"Thomas Creek",4,589,0,0,0,0
"Thomas Creek",5,591,0,0,0,0
"Thomas Creek",6,550,0,0,0,0
"Thomas Creek",7,562,0,0,0,0
"Thomas Creek",8,554,0,0,0,0
"Thomas Creek",9,542,0,0,0,0
"Thomas Creek",10,564,0,0,0,0
"Thomas Creek",11,547,0,0,0,0
"Thomas Creek",12,546,0,0,0,0
"Thomas Creek",13,572,0,0,0,0
"Thomas Creek",14,592,0,0,0,0
"Thomas Creek",15,603,0,0,0,0
"Thomas Creek",16,555,0,0,0,0
"Thomas Creek",17,573,0,0,0,0
"Thomas Creek",18,550,0,0,0,0
"Thomas Creek",19,560,0,0,0,0
"Thomas Creek",20,585,0,0,0,0
"Thomas Creek",21,570,0,0,0,0
"Thomas Creek",22,609,0,0,0,0
"Thomas Creek",23,522,0,0,0,0
"Thomas Creek",24,608,0,0,0,0
"Thomas Creek",25,549,0,0,0,0
"Thomas Creek",26,558,0,0,0,0
"Thomas Creek",27,590,0,0,0,0
"Thomas Creek",28,549,0,0,0,0
"Thomas Creek",29,528,0,0,0,0
"Thomas Creek",30,555,0,0,0,0
"Thomas Creek",31,560,0,0,0,0
"Thomas Creek",32,534,0,0,0,0
"Thomas Creek",33,535,0,0,0,0
"Thomas Creek",34,568,0,0,0,0
"Thomas Creek",35,547,0,0,0,0
"Thomas Creek",36,574,0,0,0,0
"Thomas Creek",37,545,0,0,0,0
"Thomas Creek",38,569,0,0,0,0
"Thomas Creek",39,586,0,0,0,0
"Thomas Creek",40,580,0,0,0,0
"Thomas Creek",41,560,0,0,0,0
"Thomas Creek",42,564,0,0,0,0
"Thomas Creek",43,567,0,0,0,0
"Thomas Creek",44,564,0,0,0,0
"Thomas Creek",45,546,0,0,0,0
"Thomas Creek",46,534,0,0,0,0
"Thomas Creek",47,553,0,0,0,0
"Thomas Creek",48,576,0,0,0,0
"Thomas Creek",49,579,0,0,0,0
"Thomas Creek",50,552,0,0,0,0
"Thomas Creek",51,530,0,0,0,0
"Thomas Creek",52,601,0,0,0,0
"Thomas Creek",53,512,0,0,0,0
"Thomas Creek",54,575,0,0,0,0
"Thomas Creek",55,545,0,0,0,0
"Thomas Creek",56,576,0,0,0,0
"Thomas Creek",57,548,0,0,0,0
"Thomas Creek",58,476,0,0,0,0
"Thomas Creek",59,591,0,0,0,0
"Thomas Creek",60,579,0,0,0,0
"Thomas Creek",61,529,0,0,0,0
"Thomas Creek",62,584,0,0,0,0
"Thomas Creek",63,589,0,0,0,0
"Thomas Creek",64,583,0,0,0,0
"Thomas Creek",65,576,0,0,0,0
"Thomas Creek",66,545,0,0,0,0
"Thomas Creek",67,546,0,0,0,0
"Thomas Creek",68,543,0,0,0,0
"Thomas Creek",69,557,1,0,0,0
"Thomas Creek",70,549,1,0,0,0
"Thomas Creek",71,543,2,0,0,0
"Thomas Creek",72,553,1,0,0,0
"Thomas Creek",73,584,2,0,0,0
"Thomas Creek",74,572,3,0,0,0
"Thomas Creek",75,550,4,0,0,0
"Thomas Creek",76,550,5,0,0,0
"Thomas Creek",77,572,6,0,0,0
"Thomas Creek",78,559,11,0,0,0
"Thomas Creek",79,541,9,0,0,0
"Thomas Creek",80,537,11,0,0,0
"Thomas Creek",81,526,10,0,0,0
"Thomas Creek",82,512,10,0,0,0
"Thomas Creek",83,558,13,0,0,0
"Thomas Creek",84,516,16,0,0,0
"Thomas Creek",85,508,16,0,0,0
"Thomas Creek",86,545,30,0,0,0
"Thomas Creek",87,489,25,0,0,0
"Thomas Creek",88,531,38,0,0,0
"Thomas Creek",89,520,34,0,0,0
"Thomas Creek",90,522,40,0,0,0
"Thomas Creek",91,550,65,0,0,0
"Thomas Creek",92,494,70,0,0,0
"Thomas Creek",93,506,63,0,0,0
"Thomas Creek",94,486,71,0,0,0
"Thomas Creek",95,488,75,0,0,0
"Thomas Creek",96,484,86,0,0,0
"Thomas Creek",97,492,87,0,0,0
"Thomas Creek",98,505,82,0,0,0
"Thomas Creek",99,420,92,0,0,0
"Thomas Creek",100,441,109,0,0,0
"Thomas Creek",101,425,117,0,0,0
"Thomas Creek",102,453,118,0,0,0
"Thomas Creek",103,441,117,0,0,0
"Thomas Creek",104,431,146,0,0,0
"Thomas Creek",105,412,153,0,0,0
"Thomas Creek",106,357,147,0,0,0
"Thomas Creek",107,417,164,0,0,0
"Thomas Creek",108,384,156,0,0,0
"Thomas Creek",109,385,184,0,0,0
"Thomas Creek",110,399,192,0,0,0
"Thomas Creek",111,365,184,0,0,0
"Thomas Creek",112,393,216,0,0,0
"Thomas Creek",113,346,202,0,0,0
"Thomas Creek",114,349,214,0,0,0
"Thomas Creek",115,315,222,0,0,0
"Thomas Creek",116,295,241,0,0,0
"Thomas Creek",117,314,224,0,0,0
"Thomas Creek",118,322,251,0,0,0
"Thomas Creek",119,303,277,0,0,0
"Thomas Creek",120,288,248,0,0,0
"Thomas Creek",121,311,269,0,0,0
"Thomas Creek",122,253,261,0,0,0
"Thomas Creek",123,251,256,0,0,0
"Thomas Creek",124,273,306,0,0,0
"Thomas Creek",125,246,319,0,0,0
"Thomas Creek",126,279,355,0,0,0
"Thomas Creek",127,232,307,0,0,0
"Thomas Creek",128,252,314,0,0,0
"Thomas Creek",129,205,334,0,0,0
"Thomas Creek",130,232,325,0,0,0
"Thomas Creek",131,236,340,0,0,0
"Thomas Creek",132,226,341,0,0,0
"Thomas Creek",133,238,401,0,0,0
"Thomas Creek",134,202,338,0,0,0
"Thomas Creek",135,183,363,0,0,0
"Thomas Creek",136,199,353,0,0,0
"Thomas Creek",137,175,366,0,0,0
"Thomas Creek",138,179,410,0,0,0
"Thomas Creek",139,180,372,0,0,0
"Thomas Creek",140,169,391,0,0,0
"Thomas Creek",141,178,399,0,0,0
"Thomas Creek",142,150,393,0,0,0
"Thomas Creek",143,184,442,0,0,0
"Thomas Creek",144,143,394,0,0,0
"Thomas Creek",145,125,398,0,0,0
"Thomas Creek",146,134,414,0,0,0
"Thomas Creek",147,124,402,1,0,0
"Thomas Creek",148,114,435,1,0,0
"Thomas Creek",149,106,429,1,0,0
"Thomas Creek",150,114,449,0,0,0
"Thomas Creek",151,110,405,1,0,0
"Thomas Creek",152,125,417,0,0,0
"Thomas Creek",153,107,418,2,0,0
"Thomas Creek",154,100,478,1,0,0
"Thomas Creek",155,107,473,0,0,0
"Thomas Creek",156,116,479,1,0,0
"Thomas Creek",157,97,461,4,0,0
"Thomas Creek",158,88,456,2,0,0
"Thomas Creek",159,101,411,1,0,0
"Thomas Creek",160,65,474,11,0,0
"Thomas Creek",161,90,470,2,0,0
"Thomas Creek",162,77,491,7,0,0
"Thomas Creek",163,69,505,9,0,0
"Thomas Creek",164,65,462,6,0,0
"Thomas Creek",165,59,476,12,0,0
"Thomas Creek",166,85,465,10,0,0
"Thomas Creek",167,65,478,14,0,0
"Thomas Creek",168,66,460,13,0,0
"Thomas Creek",169,81,460,12,0,0
"Thomas Creek",170,43,512,16,0,0
"Thomas Creek",171,59,469,20,0,0
"Thomas Creek",172,42,519,21,0,0
"Thomas Creek",173,58,484,28,0,0
"Thomas Creek",174,52,506,37,0,0
"Thomas Creek",175,37,498,34,0,0
"Thomas Creek",176,45,463,31,0,0
"Thomas Creek",177,34,480,26,0,0
"Thomas Creek",178,37,464,30,0,0
"Thomas Creek",179,41,478,27,0,0
"Thomas Creek",180,35,490,42,0,0
"Thomas Creek",181,42,474,37,0,0
"Thomas Creek",182,30,490,42,0,0
"Thomas Creek",183,31,441,60,0,0
"Thomas Creek",184,31,487,63,0,0
"Thomas Creek",185,33,462,46,0,0
"Thomas Creek",186,21,474,47,0,0
"Thomas Creek",187,27,472,81,0,0
"Thomas Creek",188,31,468,57,0,0
"Thomas Creek",189,24,479,69,0,0
"Thomas Creek",190,30,449,67,0,0
"Thomas Creek",191,21,490,64,0,0
"Thomas Creek",192,22,463,81,0,0
"Thomas Creek",193,15,418,71,0,0
"Thomas Creek",194,20,443,78,0,0
"Thomas Creek",195,18,485,74,0,0
"Thomas Creek",196,19,451,84,0,0
"Thomas Creek",197,20,437,88,0,0
"Thomas Creek",198,14,445,84,0,0
"Thomas Creek",199,14,450,103,0,0
"Thomas Creek",200,14,421,107,0,0
"Thomas Creek",201,16,399,113,0,0
"Thomas Creek",202,12,430,108,0,0
"Thomas Creek",203,14,425,102,0,0
"Thomas Creek",204,14,423,120,0,0
"Thomas Creek",205,10,456,114,0,0
"Thomas Creek",206,9,437,134,0,0
"Thomas Creek",207,10,402,139,0,0
"Thomas Creek",208,10,401,141,0,0
"Thomas Creek",209,12,418,133,0,0
"Thomas Creek",210,10,441,146,0,0
"Thomas Creek",211,9,396,129,0,0
"Thomas Creek",212,5,385,161,0,0
"Thomas Creek",213,5,400,157,0,0
"Thomas Creek",214,3,399,162,0,0
"Thomas Creek",215,9,418,156,1,0
"Thomas Creek",216,2,394,155,0,0
"Thomas Creek",217,15,359,165,1,0
"Thomas Creek",218,6,360,188,0,0
"Thomas Creek",219,4,354,181,0,0
"Thomas Creek",220,5,378,193,1,0
"Thomas Creek",221,5,359,187,0,0
"Thomas Creek",222,3,362,179,0,0
"Thomas Creek",223,3,355,188,1,0
"Thomas Creek",224,6,329,200,0,0
"Thomas Creek",225,6,335,191,1,0
"Thomas Creek",226,2,367,204,0,0
"Thomas Creek",227,5,328,228,1,0
"Thomas Creek",228,4,338,226,1,0
"Thomas Creek",229,5,336,210,3,0
"Thomas Creek",230,3,323,214,2,0
"Thomas Creek",231,4,318,223,3,0
"Thomas Creek",232,0,318,240,2,0
"Thomas Creek",233,2,338,273,1,0
"Thomas Creek",234,2,305,245,2,0
"Thomas Creek",235,0,314,261,1,0
"Thomas Creek",236,4,306,277,1,0
"Thomas Creek",237,2,304,262,1,0
"Thomas Creek",238,0,309,230,6,0
"Thomas Creek",239,1,296,298,4,0
"Thomas Creek",240,1,290,275,2,0
"Thomas Creek",241,0,274,283,6,0
"Thomas Creek",242,4,272,281,4,0
"Thomas Creek",243,4,278,268,5,0
"Thomas Creek",244,1,258,263,4,0
"Thomas Creek",245,2,258,288,9,0
"Thomas Creek",246,1,308,272,7,0
"Thomas Creek",247,0,263,290,11,0
"Thomas Creek",248,1,253,264,10,0
"Thomas Creek",249,0,232,272,13,0
"Thomas Creek",250,3,288,292,14,0
"Thomas Creek",251,0,273,317,4,0
"Thomas Creek",252,0,239,301,9,0
"Thomas Creek",253,0,228,267,6,0
"Thomas Creek",254,1,234,305,13,0
"Thomas Creek",255,2,212,313,11,0
"Thomas Creek",256,0,220,309,18,0
"Thomas Creek",257,1,242,323,18,0
"Thomas Creek",258,0,209,310,20,0
"Thomas Creek",259,2,233,322,21,0
"Thomas Creek",260,0,191,280,22,0
"Thomas Creek",261,0,226,309,16,0
"Thomas Creek",262,0,210,321,20,0
"Thomas Creek",263,1,192,335,34,0
"Thomas Creek",264,0,196,315,21,0
"Thomas Creek",265,0,208,327,31,0
"Thomas Creek",266,0,182,344,33,0
"Thomas Creek",267,0,196,334,33,0
"Thomas Creek",268,0,184,327,30,0
"Thomas Creek",269,0,179,337,46,0
"Thomas Creek",270,0,181,349,42,0
"Thomas Creek",271,0,171,332,29,0
"Thomas Creek",272,0,156,319,33,0
"Thomas Creek",273,0,173,344,54,0
"Thomas Creek",274,0,165,360,42,0
"Thomas Creek",275,0,173,376,51,0
"Thomas Creek",276,0,188,339,44,0
"Thomas Creek",277,0,148,309,53,0
"Thomas Creek",278,0,176,348,46,0
"Thomas Creek",279,0,181,340,39,0
"Thomas Creek",280,0,176,376,69,0
"Thomas Creek",281,0,146,334,64,0
"Thomas Creek",282,0,143,318,57,0
"Thomas Creek",283,0,152,341,54,0
"Thomas Creek",284,0,143,357,66,0
"Thomas Creek",285,0,127,354,67,0
"Thomas Creek",286,0,140,350,65,0
"Thomas Creek",287,0,133,331,80,0
"Thomas Creek",288,0,142,329,79,0
"Thomas Creek",289,0,121,361,70,0
"Thomas Creek",290,0,132,351,88,0
"Thomas Creek",291,0,130,349,66,0
"Thomas Creek",292,0,123,332,91,0
"Thomas Creek",293,0,119,320,81,0
"Thomas Creek",294,0,133,339,88,0
"Thomas Creek",295,0,122,341,85,0
"Thomas Creek",296,0,148,353,91,0
"Thomas Creek",297,0,124,330,82,0
"Thomas Creek",298,0,122,354,99,0
"Thomas Creek",299,0,111,308,98,0
"Thomas Creek",300,0,65,183,62,0
